INSERT INTO `DRONE` (ID, SERIAL_NUMBER, MODEL, WEIGHT_LIMIT, BATTERY_CAPACITY, STATE) VALUES (1, 'DRONE_001', 'LIGHTWEIGHT', 100, 100, 'LOADED');
INSERT INTO `DRONE` (ID, SERIAL_NUMBER, MODEL, WEIGHT_LIMIT, BATTERY_CAPACITY, STATE) VALUES (2, 'DRONE_002', 'HEAVYWEIGHT', 500, 54, 'DELIVERING');
INSERT INTO `DRONE` (ID, SERIAL_NUMBER, MODEL, WEIGHT_LIMIT, BATTERY_CAPACITY, STATE) VALUES (3, 'DRONE_003', 'CRUISERWEIGHT', 400, 98, 'DELIVERING');
INSERT INTO `DRONE` (ID, SERIAL_NUMBER, MODEL, WEIGHT_LIMIT, BATTERY_CAPACITY, STATE) VALUES (4, 'DRONE_004', 'MIDDLEWEIGHT', 250, 75, 'DELIVERED');
INSERT INTO `DRONE` (ID, SERIAL_NUMBER, MODEL, WEIGHT_LIMIT, BATTERY_CAPACITY, STATE) VALUES (5, 'DRONE_005', 'LIGHTWEIGHT', 100, 66, 'LOADING');
INSERT INTO `DRONE` (ID, SERIAL_NUMBER, MODEL, WEIGHT_LIMIT, BATTERY_CAPACITY, STATE) VALUES (6, 'DRONE_006', 'CRUISERWEIGHT', 400, 24, 'RETURNING');
INSERT INTO `DRONE` (ID, SERIAL_NUMBER, MODEL, WEIGHT_LIMIT, BATTERY_CAPACITY, STATE) VALUES (7, 'DRONE_007', 'MIDDLEWEIGHT', 250, 38, 'IDLE');
INSERT INTO `DRONE` (ID, SERIAL_NUMBER, MODEL, WEIGHT_LIMIT, BATTERY_CAPACITY, STATE) VALUES (8, 'DRONE_008', 'LIGHTWEIGHT', 100, 18, 'IDLE');
INSERT INTO `DRONE` (ID, SERIAL_NUMBER, MODEL, WEIGHT_LIMIT, BATTERY_CAPACITY, STATE) VALUES (9, 'DRONE_009', 'CRUISERWEIGHT', 400, 44, 'RETURNING');
INSERT INTO `DRONE` (ID, SERIAL_NUMBER, MODEL, WEIGHT_LIMIT, BATTERY_CAPACITY, STATE) VALUES (10, 'DRONE_010', 'MIDDLEWEIGHT', 250, 5, 'IDLE');

INSERT INTO `MEDICATION` (ID, NAME, WEIGHT, CODE, IMAGE) VALUES (1, 'Cefixime-250', 250, 'CEFIXIME_250', 'image.png');
INSERT INTO `MEDICATION` (ID, NAME, WEIGHT, CODE, IMAGE) VALUES (2, 'Aspirine-200', 200, 'ASPIRINE_200', 'image.png');
INSERT INTO `MEDICATION` (ID, NAME, WEIGHT, CODE, IMAGE) VALUES (3, 'Cefalexine-300', 300, 'CEFALEXINE_300', 'image.png');
INSERT INTO `MEDICATION` (ID, NAME, WEIGHT, CODE, IMAGE) VALUES (4, 'Cefixime-250', 100, 'CEFIXIME_250', 'image.png');
INSERT INTO `MEDICATION` (ID, NAME, WEIGHT, CODE, IMAGE) VALUES (5, 'Aspirine-200', 50, 'ASPIRINE_200', 'image.png');
INSERT INTO `MEDICATION` (ID, NAME, WEIGHT, CODE, IMAGE) VALUES (6, 'Cefalexine-300', 400, 'CEFALEXINE_300', 'image.png');
INSERT INTO `MEDICATION` (ID, NAME, WEIGHT, CODE, IMAGE) VALUES (7, 'Cefixime-250', 180, 'CEFIXIME_250', 'image.png');
INSERT INTO `MEDICATION` (ID, NAME, WEIGHT, CODE, IMAGE) VALUES (8, 'Aspirine-200', 450, 'ASPIRINE_200', 'image.png');
INSERT INTO `MEDICATION` (ID, NAME, WEIGHT, CODE, IMAGE) VALUES (9, 'Cefalexine-300', 100, 'CEFALEXINE_300', 'image.png');
INSERT INTO `MEDICATION` (ID, NAME, WEIGHT, CODE, IMAGE) VALUES (10, 'Cefixime-250', 200, 'CEFIXIME_250', 'image.png');
INSERT INTO `MEDICATION` (ID, NAME, WEIGHT, CODE, IMAGE) VALUES (11, 'Aspirine-200', 200, 'ASPIRINE_200', 'image.png');
INSERT INTO `MEDICATION` (ID, NAME, WEIGHT, CODE, IMAGE) VALUES (12, 'Cefalexine-300', 300, 'CEFALEXINE_300', 'image.png');

INSERT INTO `DRONE_MEDICATIONS` (DRONE_ID, MEDICATIONS_ID) VALUES (1, 9);

INSERT INTO `DRONE_MEDICATIONS` (DRONE_ID, MEDICATIONS_ID) VALUES (2, 1);
INSERT INTO `DRONE_MEDICATIONS` (DRONE_ID, MEDICATIONS_ID) VALUES (2, 4);
INSERT INTO `DRONE_MEDICATIONS` (DRONE_ID, MEDICATIONS_ID) VALUES (2, 5);
INSERT INTO `DRONE_MEDICATIONS` (DRONE_ID, MEDICATIONS_ID) VALUES (2, 9);

INSERT INTO `DRONE_MEDICATIONS` (DRONE_ID, MEDICATIONS_ID) VALUES (3, 3);